{
  "project_info": {
    "project_number": "1081178359709",
    "firebase_url": "https://easymanage-9665e.firebaseio.com",
    "project_id": "easymanage-9665e",
    "storage_bucket": "easymanage-9665e.appspot.com"
  },
  "client": [
    {
      "client_info": {
        "mobilesdk_app_id": "1:1081178359709:android:94eb439b6cdcb2d7551174",
        "android_client_info": {
          "package_name": "com.example.easymanage"
        }
      },
      "oauth_client": [
        {
          "client_id": "1081178359709-rtria5u02kplgo0q231242f8b7mt45lk.apps.googleusercontent.com",
          "client_type": 3
        }
      ],
      "api_key": [
        {
          "current_key": "AIzaSyC77SAIJMH6QKbG3E-iU1InSVwBlB2JI7k"
        }
      ],
      "services": {
        "appinvite_service": {
          "other_platform_oauth_client": [
            {
              "client_id": "1081178359709-rtria5u02kplgo0q231242f8b7mt45lk.apps.googleusercontent.com",
              "client_type": 3
            }
          ]
        }
      }
    }
  ],
  "configuration_version": "1"
}